{"Growth_rate_daym1": [1.2805486403098556, 1.233690890413477, 0.793355512439997, 1.0765380191017278, 0.9034968746180614, 0.5269009661984863, 0.22055618917781086, 0.11938627700819224, 0.033784377674065176, 0.0010054017285052856, 0.0011129644867913888, 0.0011200030801709728], "Perturbation_std": [0.0, 0.01, 0.025, 0.05, 0.075, 0.1, 0.125, 0.15, 0.17500000000000002, 0.2, 0.225, 0.25], "Input_reg": [0.01, 0.05, 0.1, 0.15, 0.2, 0.25], "maxstep": [[134, 590, 446, 1499, 2044, 103], [651, 566, 332, 363, 1686, 95], [512, 678, 337, 840, 2011, 97], [297, 504, 866, 1304, 1999, 118]]}